Probability,Number,Cost
0.0001,5,1
0.000000213,1,5
0.00000666667,2,4
0.0000001,6,2
